x_coord [mm],y_coord [mm],pow1_mean,pow2_mean,inc_ang_sim_deg,rssd_sim_db,scenario,rssd_guide_interp_db,delta_db
750,-1750,1.0181144010089297e-06,7.798968782355237e-07,-66.80140948635182,1.1575939853676047,A,3.9429773455505077,-2.785383360182903
750,-1250,9.413205085398387e-07,4.90651348587966e-07,-59.03624346792648,2.8296452389066786,A,5.379266395267229,-2.5496211563605504
750,-750,1.6144454250950774e-06,5.228294186726386e-07,-45.0,4.896633520923018,A,7.9328958206078966,-3.0362622996848785
750,-250,5.822371051960857e-07,1.6344036639786005e-06,-18.43494882292201,-4.482594482252651,A,10.529141751250947,-15.011736233503598
750,250,2.1242720367310414e-06,2.3452756213108617e-06,18.43494882292201,-0.429837569509985,A,2.790945594673695,-3.22078316418368
750,750,3.970245116781487e-06,1.0730958922534779e-06,45.0,5.681787878405316,A,-7.2794329476226665,12.961220826027983
750,1250,1.9089525088746343e-06,2.0607371880904162e-07,59.03624346792648,9.667725156525869,A,-9.37368223429675,19.04140739082262
750,1750,1.2987037221069535e-06,1.192955210170672e-07,66.80140948635182,10.368859469585288,A,-10.366700742570027,20.735560212155313
1500,-1750,1.2894077808332887e-06,1.0684160666121931e-06,-49.398705354995535,0.8164987637412011,A,7.151557745556891,-6.33505898181569
1500,-1250,1.6866698417723344e-06,1.573127323679326e-06,-39.80557109226519,0.30266205274446634,A,8.791695739310788,-8.489033686566321
1500,-750,1.9294211804112106e-06,1.683669185617517e-06,-26.56505117707799,0.5917027818030363,A,10.315667334357181,-9.723964552554145
1500,-250,2.2170317547074422e-06,2.765976738218116e-06,-9.462322208025617,-0.9607660979444788,A,9.976673387273337,-10.937439485217816
1500,250,2.521780748414864e-06,2.2679621860551655e-06,9.462322208025617,0.46071515695244614,A,5.975585426145386,-5.51487026919294
1500,750,2.827631924069783e-06,1.3110403143002869e-06,26.56505117707799,3.3380682982982464,A,-0.567009072519164,3.9050773708174105
1500,1250,2.1685278938121614e-06,5.546698072537162e-07,39.80557109226519,5.9213048660436485,A,-5.801353866623025,11.722658732666673
1500,1750,2.2072680439648568e-06,3.5267159042747814e-07,49.398705354995535,7.96484599428473,A,-8.166337467243098,16.131183461527826
2250,-1750,1.6045443142349636e-06,9.761459025314424e-07,-37.874983651098205,2.1583698029694105,A,9.083262009368497,-6.924892206399086
2250,-1250,1.8213312980814239e-06,1.8510718388185664e-06,-29.054604099077146,-0.07034323098156392,A,10.126996681591912,-10.197339912573476
2250,-750,2.138485434059262e-06,2.7462604649093365e-06,-18.43494882292201,-1.0863542837804019,A,10.529141751250947,-11.615496035031349
2250,-250,2.4114953819134312e-06,2.8023089770148024e-06,-6.34019174590991,-0.6522958346402348,A,9.583356919036797,-10.235652753677032
2250,250,2.6555661399877985e-06,2.1125460804159393e-06,6.34019174590991,0.9935093162588515,A,6.901509902408479,-5.908000586149628
2250,750,2.5973955620003453e-06,1.373340810343051e-06,18.43494882292201,2.7675976835632525,A,2.790945594673695,-0.023347911110442432
2250,1250,3.0357040290445075e-06,1.1448116817136652e-06,29.054604099077146,4.2352537469667055,A,-1.6251553460839447,5.8604090930506505
2250,1750,2.8376490284903657e-06,1.1971399127277528e-06,37.874983651098205,3.7481376875398666,A,-5.140458045562703,8.88859573310257
3000,-1750,1.9925409011612226e-06,1.3185628266309222e-06,-30.256437163529263,1.793064171788501,A,10.018541248519883,-8.225477076731382
3000,-1250,1.6293178895718902e-06,2.015161548482777e-06,-22.619864948040426,-0.9230404174711282,A,10.499568623229143,-11.422609040700271
3000,-750,1.95104414138309e-06,1.8056266587595364e-06,-14.036243467926479,0.33639137039780564,A,10.367126963711025,-10.030735593313219
3000,-250,2.0183329346799803e-06,1.9720009909871584e-06,-4.763641690726178,0.1008567812854011,A,9.344065467513653,-9.243208686228252
3000,250,2.271168054892608e-06,1.8248186911077144e-06,4.763641690726178,0.9502955034469878,A,7.329141235953598,-6.37884573250661
3000,750,2.3993615200252043e-06,1.5129017173372397e-06,14.036243467926479,2.0028497367750973,A,4.4436326926643925,-2.4407829558892953
3000,1250,2.492927584865344e-06,9.925720896119484e-07,22.619864948040426,3.9994760420530184,A,1.0961684927846806,2.903307549268338
3000,1750,2.652698998724347e-06,1.5018589791767075e-06,30.256437163529263,2.470588180509317,A,-2.132350005468998,4.602938185978315
3750,-1750,1.0944152192987582e-06,1.6902186371394115e-06,-25.016893478100023,-1.8876076226919025,A,10.40523317235332,-12.292840795045223
3750,-1250,1.7221585158539983e-06,1.5982419626699878e-06,-18.43494882292201,0.32430594429299475,A,10.529141751250947,-10.204835806957952
3750,-750,1.6526953142047988e-06,1.6126819679431286e-06,-11.309932474020213,0.10644065811541026,A,10.160281387247505,-10.053840729132094
3750,-250,2.312370187904969e-06,1.2096493035202259e-06,-3.8140748342903543,2.8139788190344603,A,9.1885657092882,-6.37458689025374
3750,250,2.4861074181610597e-06,1.0895876242212045e-06,3.8140748342903543,3.582577276497233,A,7.575187375737495,-3.9926100992402622
3750,750,2.005967354280508e-06,1.3036519418443866e-06,11.309932474020213,1.8716220502266623,A,5.380585067981628,-3.508963017754966
3750,1250,2.9409098575162502e-06,1.2186970784626325e-06,18.43494882292201,3.8258594303931943,A,2.790945594673695,1.0349138357194994
3750,1750,1.9286728225564703e-06,1.6533312975304224e-06,25.016893478100023,0.668986737554718,A,0.09001726630177777,0.5789694712529403
4500,-1750,8.017387096063879e-07,1.3609618510210703e-06,-21.25050550713324,-2.2981309896966238,A,10.52841964881827,-12.826550638514894
4500,-1250,1.3150724166209832e-06,1.145688268991665e-06,-15.524110996754258,0.5988320236420179,A,10.443270801618599,-9.844438777976581
4500,-750,1.7500986526314416e-06,1.0648991633557187e-06,-9.462322208025617,2.1575404461998176,A,9.976673387273337,-7.819132941073519
4500,-250,1.9622543092074058e-06,9.990955657773943e-07,-3.1798301198642345,2.9314826001453724,A,9.077320611745527,-6.145838011600155
4500,250,2.21691084222357e-06,1.1244174111481547e-06,3.1798301198642345,2.948206655294129,A,7.732337629499107,-4.784130974204978
4500,750,2.9728571783484556e-06,1.285283687175117e-06,9.462322208025617,3.6417504987283564,A,5.975585426145386,-2.33383492741703
4500,1250,2.272955677316467e-06,1.4046905196705459e-06,15.524110996754258,2.090103157005437,A,3.9011952024490912,-1.811092045443654
4500,1750,2.1029345169872725e-06,1.0062867848936392e-06,21.25050550713324,3.201039801202583,A,1.6611365829967728,1.5399032182058103
5250,-1750,5.035263079760632e-07,1.0406366721467574e-06,-18.43494882292201,-3.1527696014264137,A,10.529141751250947,-13.68191135267736
5250,-1250,1.6414206548774336e-06,7.397842352104942e-07,-13.392497753751098,3.461148218123263,A,10.323649833587382,-6.862501615464119
5250,-750,1.837566219182966e-06,8.488526869774402e-07,-8.13010235415598,3.3541067070828845,A,9.82297662400389,-6.468869916921005
5250,-250,1.9425507076158775e-06,9.696948748354682e-07,-2.7263109939062655,3.0173726405798362,A,8.995802723988149,-5.978430083408313
5250,250,2.033471489264211e-06,1.2623795515370134e-06,2.7263109939062655,2.070481365923918,A,7.842658167683692,-5.772176801759774
5250,750,2.4928592206209126e-06,1.236208903097335e-06,8.13010235415598,3.0460588623144247,A,6.384323426993713,-3.338264564679288
5250,1250,2.3661561244186884e-06,1.2195364646449525e-06,13.392497753751098,2.878486065566804,A,4.669852697871307,-1.791366632304503
5250,1750,1.6719006841938e-06,7.334481640631598e-07,18.43494882292201,3.5784104969809647,A,2.790945594673695,0.7874649023072697
750,-1750,9.948168342960449e-07,7.889606252038299e-07,-66.80140948635182,1.0068779645428876,B,3.9429773455505077,-2.93609938100762
750,-1250,9.778793160576856e-07,5.855594346770532e-07,-59.03624346792648,2.2271427727207893,B,5.379266395267229,-3.1521236225464397
750,-750,1.5632602188021644e-06,5.781191203509836e-07,-45.0,4.320139430838488,B,7.9328958206078966,-3.612756389769409
750,-250,6.749710713242684e-07,1.671012979506815e-06,-18.43494882292201,-3.936946635219911,B,10.529141751250947,-14.466088386470858
750,250,2.067833423803689e-06,2.439413603957942e-06,18.43494882292201,-0.7176989058699377,B,2.790945594673695,-3.5086445005436326
750,750,4.167119243623974e-06,1.0813745025086193e-06,45.0,5.8585980290239945,B,-7.2794329476226665,13.138030976646661
750,1250,1.9095817311336176e-06,2.0112280158799544e-07,59.03624346792648,9.77476941153968,B,-9.37368223429675,19.14845164583643
750,1750,1.2502366104979026e-06,1.0788549864161096e-07,66.80140948635182,10.64029138937039,B,-10.366700742570027,21.006992131940414
1500,-1750,1.306307248594424e-06,1.0794568335908629e-06,-49.398705354995535,0.8284005670973329,B,7.151557745556891,-6.323157178459558
1500,-1250,1.7421197212714917e-06,1.680082983371953e-06,-39.80557109226519,0.15747264000018646,B,8.791695739310788,-8.634223099310601
1500,-750,1.962975608953789e-06,1.908021307780551e-06,-26.56505117707799,0.1233168291892568,B,10.315667334357181,-10.192350505167925
1500,-250,2.358015342987257e-06,3.1396311214053774e-06,-9.462322208025617,-1.2433199874210246,B,9.976673387273337,-11.219993374694361
1500,250,2.6674014693099275e-06,2.438949092526755e-06,9.462322208025617,0.3888565055640143,B,5.975585426145386,-5.586728920581372
1500,750,3.0400286768150883e-06,1.4209405256950517e-06,26.56505117707799,3.303017797041761,B,-0.567009072519164,3.8700268695609252
1500,1250,2.201015414896758e-06,5.590246288118163e-07,39.80557109226519,5.95192142248181,B,-5.801353866623025,11.753275289104835
1500,1750,2.24507504239005e-06,3.4838946410270875e-07,49.398705354995535,8.091658493001376,B,-8.166337467243098,16.25799596024447
2250,-1750,1.6022298080789738e-06,9.247381291409347e-07,-37.874983651098205,2.3870604215623956,B,9.083262009368497,-6.696201587806101
2250,-1250,1.8335657496498052e-06,1.8516703081477146e-06,-29.054604099077146,-0.042671747403637994,B,10.126996681591912,-10.16966842899555
2250,-750,2.1665388913209565e-06,2.6421826360480996e-06,-18.43494882292201,-0.8619634471202531,B,10.529141751250947,-11.3911051983712
2250,-250,3.195812111210898e-06,3.2627614357018196e-06,-6.34019174590991,-0.09004082240622324,B,9.583356919036797,-9.67339774144302
2250,250,3.501411361297148e-06,2.2763251658639103e-06,6.34019174590991,1.8700883684941019,B,6.901509902408479,-5.0314215339143775
2250,750,2.3744436891823036e-06,1.367695927879874e-06,18.43494882292201,2.395723207110535,B,2.790945594673695,-0.39522238756315975
2250,1250,2.991309144980631e-06,1.1408796063413738e-06,29.054604099077146,4.186214816744631,B,-1.6251553460839447,5.811370162828576
2250,1750,2.7602236628344506e-06,1.220771149129877e-06,37.874983651098205,3.5431001776019784,B,-5.140458045562703,8.683558223164681
3000,-1750,1.9944385352145387e-06,1.3572868562960114e-06,-30.256437163529263,1.67149013236466,B,10.018541248519883,-8.347051116155223
3000,-1250,1.6657349891348254e-06,2.3399255597132935e-06,-22.619864948040426,-1.4759613308746822,B,10.499568623229143,-11.975529954103825
3000,-750,1.8181015133960913e-06,1.3841263940582719e-06,-14.036243467926479,1.184423779888327,B,10.367126963711025,-9.182703183822698
3000,-250,1.8733349677419507e-06,1.0821736656796923e-06,-4.763641690726178,2.3831847843408127,B,9.344065467513653,-6.9608806831728405
3000,250,1.5971576484506616e-06,1.3880971551568926e-06,4.763641690726178,0.6092792141101739,B,7.329141235953598,-6.719862021843424
3000,750,2.42421835759691e-06,9.529813487137612e-07,14.036243467926479,4.054873347162911,B,4.4436326926643925,-0.38875934550148195
3000,1250,2.5906055662436815e-06,9.345081006695974e-07,22.619864948040426,4.428182239674705,B,1.0961684927846806,3.332013746890024
3000,1750,2.599839844141585e-06,1.5182558925416664e-06,30.256437163529263,2.336016199492967,B,-2.132350005468998,4.468366204961965
3750,-1750,1.0041038364669405e-06,1.80937855806608e-06,-25.016893478100023,-2.5575081300267755,B,10.40523317235332,-12.962741302380095
3750,-1250,1.864749180256976e-06,1.4712127487103395e-06,-18.43494882292201,1.0294494530788043,B,10.529141751250947,-9.499692298172143
3750,-750,1.6157880489422468e-06,1.2933886077520812e-06,-11.309932474020213,0.9665536024483359,B,10.160281387247505,-9.193727784799169
3750,-250,1.666756193391558e-06,1.1794397444874277e-06,-3.8140748342903543,1.5019631912411242,B,9.1885657092882,-7.686602518047076
3750,250,2.146247990096096e-06,8.976896278001775e-07,3.8140748342903543,3.7855369423216203,B,7.575187375737495,-3.7896504334158747
3750,750,1.9105388605758944e-06,1.305771987191219e-06,11.309932474020213,1.652885282915335,B,5.380585067981628,-3.727699785066293
3750,1250,1.6469842197884753e-06,1.4092108111343425e-06,18.43494882292201,0.6771347176684728,B,2.790945594673695,-2.113810877005222
3750,1750,9.025911192884006e-07,1.7826144523810183e-06,25.016893478100023,-2.9556636707856683,B,0.09001726630177777,-3.0456809370874462
4500,-1750,2.5867209960868976e-06,1.4386936830513035e-06,-21.25050550713324,2.547812514794117,B,10.52841964881827,-7.980607134024153
4500,-1250,6.933339478656553e-07,4.584088245275841e-07,-15.524110996754258,1.7968949581954163,B,10.443270801618599,-8.646375843423183
4500,-750,1.1060403250599324e-06,8.402310331538356e-07,-9.462322208025617,1.193722434125604,B,9.976673387273337,-8.782950953147733
4500,-250,1.4941626990875586e-06,6.918376643807328e-07,-3.1798301198642345,3.3439368851948785,B,9.077320611745527,-5.733383726550649
4500,250,1.3281848972972908e-06,8.02524978418559e-07,3.1798301198642345,2.187999789867696,B,7.732337629499107,-5.544337839631411
4500,750,1.2182556856559191e-06,7.67448609905409e-07,9.462322208025617,2.0068914314845614,B,5.975585426145386,-3.968693994660825
4500,1250,6.162074331929549e-07,1.2433543707518695e-06,15.524110996754258,-3.048679925416515,B,3.9011952024490912,-6.949875127865607
4500,1750,3.437853737088476e-06,1.3352012018811978e-06,21.25050550713324,4.107406811565788,B,1.6611365829967728,2.4462702285690154
5250,-1750,3.0990996460144774e-07,3.3346409646161644e-07,-18.43494882292201,-0.31813540559980424,B,10.529141751250947,-10.847277156850751
5250,-1250,8.200156266300555e-07,6.541055910016514e-07,-13.392497753751098,0.981742672940058,B,10.323649833587382,-9.341907160647324
5250,-750,8.150622563602526e-07,6.072891805941747e-07,-8.13010235415598,1.2779523859194484,B,9.82297662400389,-8.54502423808444
5250,-250,1.0778597241288904e-06,6.807512969649997e-07,-2.7263109939062655,1.9957376672324898,B,8.995802723988149,-7.000065056755659
5250,250,1.2864185648664303e-06,5.499470451688308e-07,2.7263109939062655,3.6906142599026523,B,7.842658167683692,-4.15204390778104
5250,750,1.3002251959382657e-06,6.585908447950287e-07,8.13010235415598,2.9540288839960027,B,6.384323426993713,-3.43029454299771
5250,1250,1.697928915969008e-06,1.0243165016060854e-06,13.392497753751098,2.1948533528820704,B,4.669852697871307,-2.4749993449892367
5250,1750,2.430427694475937e-06,1.5177597441936163e-06,18.43494882292201,2.0447967551338806,B,2.790945594673695,-0.7461488395398144
750,-1750,1.1947804488709743e-06,7.573335563601301e-07,-66.80140948635182,1.9800090707469025,C,3.9429773455505077,-1.9629682748036053
750,-1250,1.1955887339369914e-06,1.1062330216026526e-06,-59.03624346792648,0.3373519578693518,C,5.379266395267229,-5.041914437397877
750,-750,2.062429229306622e-06,8.319138759468006e-07,-45.0,3.9430068679890695,C,7.9328958206078966,-3.989888952618827
750,-250,3.995974737203411e-06,5.355285520579742e-06,-18.43494882292201,-1.271598965555448,C,10.529141751250947,-11.800740716806395
750,250,2.783006036720231e-06,2.8727127629751204e-06,18.43494882292201,-0.137780555135528,C,2.790945594673695,-2.928726149809223
750,750,3.923606173009424e-06,1.1449076126367309e-06,45.0,5.349149660785791,C,-7.2794329476226665,12.628582608408458
750,1250,1.8981247077980031e-06,2.1820504173179362e-07,59.03624346792648,9.394599614561287,C,-9.37368223429675,18.768281848858038
750,1750,1.3736408643867202e-06,1.3938169916238642e-07,66.80140948635182,9.936674475782482,C,-10.366700742570027,20.303375218352507
1500,-1750,1.2118608492078061e-06,1.3149756753094303e-06,-49.398705354995535,-0.35464963997359433,C,7.151557745556891,-7.506207385530486
1500,-1250,1.8474782119451813e-06,2.047096802603375e-06,-39.80557109226519,-0.445590546700231,C,8.791695739310788,-9.237286286011019
1500,-750,2.334859066408622e-06,1.6454962081484988e-06,-26.56505117707799,1.5196378554841914,C,10.315667334357181,-8.79602947887299
1500,-250,4.570189468337913e-06,3.7342755245652214e-06,-9.462322208025617,0.8772784700661518,C,9.976673387273337,-9.099394917207185
1500,250,3.204792559573105e-06,2.1796630801474375e-06,9.462322208025617,1.6741055563283638,C,5.975585426145386,-4.3014798698170225
1500,750,2.945856626801655e-06,1.1798409714524058e-06,26.56505117707799,3.973881326371419,C,-0.567009072519164,4.540890398890583
1500,1250,2.420829361668792e-06,4.487944862991881e-07,39.80557109226519,7.319166654454328,C,-5.801353866623025,13.120520521077353
1500,1750,3.097436771918916e-08,7.081177901616113e-08,49.398705354995535,-3.5910305550592057,C,-8.166337467243098,4.575306912183892
2250,-1750,1.9413046925475526e-06,1.1026846793092387e-06,-37.874983651098205,2.456423637928289,C,9.083262009368497,-6.626838371440208
2250,-1250,1.6031552060373663e-06,1.36914265607437e-06,-29.054604099077146,0.6852686842785758,C,10.126996681591912,-9.441727997313336
2250,-750,2.1333391349194177e-06,1.674380322236606e-06,-18.43494882292201,1.052057889074021,C,10.529141751250947,-9.477083862176926
2250,-250,2.818575184296554e-07,5.042889408912003e-08,-6.34019174590991,7.47350179791151,C,9.583356919036797,-2.109855121125287
2250,250,1.0124697133252024e-06,1.2706984867143065e-06,6.34019174590991,-0.986604719737791,C,6.901509902408479,-7.88811462214627
2250,750,2.78678740766909e-06,1.2744663036298813e-06,18.43494882292201,3.3977548208337325,C,2.790945594673695,0.6068092261600375
2250,1250,3.5251947837596903e-06,1.2792436987480253e-06,29.054604099077146,4.402298324063338,C,-1.6251553460839447,6.027453670147283
2250,1750,4.997221123935777e-07,1.449969449975853e-06,37.874983651098205,-4.6263028486660716,C,-5.140458045562703,0.5141551968966311
3000,-1750,9.507216461790562e-07,1.1451040235574723e-06,-30.256437163529263,-0.8079155854685212,C,10.018541248519883,-10.826456833988404
3000,-1250,1.7636769872083955e-06,2.599874717331341e-06,-22.619864948040426,-1.6853337251927911,C,10.499568623229143,-12.184902348421934
3000,-750,1.0958033107401428e-06,8.829240555812161e-07,-14.036243467926479,0.9380925874174224,C,10.367126963711025,-9.429034376293602
3000,-250,2.8679743245707836e-07,6.1994191813102e-07,-4.763641690726178,-3.3477574368835334,C,9.344065467513653,-12.691822904397187
3000,250,9.44083545827371e-07,6.65217228604737e-07,4.763641690726178,1.5204693991992286,C,7.329141235953598,-5.808671836754369
3000,750,2.7960702259874592e-06,8.127089826015963e-07,14.036243467926479,5.366130150418208,C,4.4436326926643925,0.9224974577538152
3000,1250,2.2308666606250666e-06,7.831039105888617e-07,22.619864948040426,4.546542204751589,C,1.0961684927846806,3.450373711966908
3000,1750,1.7795517185429317e-06,1.5080369552186799e-06,30.256437163529263,0.7189863001194894,C,-2.132350005468998,2.8513363055884873
3750,-1750,6.530990786927159e-07,6.616122477190702e-07,-25.016893478100023,-0.05624465132607526,C,10.40523317235332,-10.461477823679395
3750,-1250,5.124236705785832e-07,1.1860559039846457e-06,-18.43494882292201,-3.644759766389406,C,10.529141751250947,-14.173901517640353
3750,-750,9.98867669208478e-07,3.1328567686071047e-07,-11.309932474020213,5.03567416572271,C,10.160281387247505,-5.124607221524794
3750,-250,3.5070999393749593e-07,4.453093482517518e-07,-3.8140748342903543,-1.0371367040268495,C,9.1885657092882,-10.22570241331505
3750,250,9.81978843562191e-07,5.120239546036296e-07,3.8140748342903543,2.8281185159647535,C,7.575187375737495,-4.7470688597727415
3750,750,8.770067033453852e-07,6.303529639312017e-07,11.309932474020213,1.4341911364595745,C,5.380585067981628,-3.9463939315220538
3750,1250,2.620117199208361e-06,1.7303687652061435e-06,18.43494882292201,1.801820508974643,C,2.790945594673695,-0.9891250856990519
3750,1750,1.2008879834532926e-06,9.72046299509019e-07,25.016893478100023,0.918155478422392,C,0.09001726630177777,0.8281382121206142
4500,-1750,1.353335631199521e-06,8.633232735551745e-07,-21.25050550713324,1.9523206743577148,C,10.52841964881827,-8.576098974460555
4500,-1250,4.4372395472854913e-07,2.9509082650225915e-07,-15.524110996754258,1.7715716623803672,C,10.443270801618599,-8.671699139238232
4500,-750,3.6336402865179793e-07,3.587338247603098e-07,-9.462322208025617,0.05569604038664977,C,9.976673387273337,-9.920977346886687
4500,-250,1.8075646751678812e-07,3.351967055159463e-07,-3.1798301198642345,-2.68205896089529,C,9.077320611745527,-11.759379572640817
4500,250,3.1949146257042123e-07,2.79996100662872e-07,3.1798301198642345,0.5730727423471791,C,7.732337629499107,-7.159264887151928
4500,750,2.1756422735375346e-06,1.5240412005998004e-06,9.462322208025617,1.5459078094295862,C,5.975585426145386,-4.4296776167158
4500,1250,1.5593621254291816e-06,1.610867937532411e-06,15.524110996754258,-0.14112955819407347,C,3.9011952024490912,-4.042324760643165
4500,1750,1.13360196904935e-06,5.627296504750588e-07,21.25050550713324,3.0416079267706237,C,1.6611365829967728,1.380471343773851
5250,-1750,5.80133458594527e-07,3.3871399982161025e-07,-18.43494882292201,2.336947662765894,C,10.529141751250947,-8.192194088485053
5250,-1250,3.583314105000927e-07,5.837631818369819e-07,-13.392497753751098,-2.1195182131830705,C,10.323649833587382,-12.443168046770452
5250,-750,5.704804460988477e-07,4.485835115373203e-07,-8.13010235415598,1.0439745674973508,C,9.82297662400389,-8.779002056506538
5250,-250,3.067988729140064e-07,2.735709445181417e-07,-2.7263109939062655,0.4978378995829047,C,8.995802723988149,-8.497964824405244
5250,250,1.9345395359591536e-07,1.0336738186516142e-06,2.7263109939062655,-7.278059066361152,C,7.842658167683692,-15.120717234044843
5250,750,1.8147932221708897e-06,1.2077539705183473e-06,8.13010235415598,1.7684867469469978,C,6.384323426993713,-4.615836680046715
5250,1250,5.741704168434311e-07,4.2794415632177394e-07,13.392497753751098,1.27653712090747,C,4.669852697871307,-3.393315576963837
5250,1750,2.2928562247244174e-06,4.1046423207291136e-07,18.43494882292201,7.471015042164119,C,2.790945594673695,4.680069447490424
